Id,CloseDate,Quote_Start_Date__c,Quote_Term__c,SBQQ__RenewedContract__r.Name,SBQQ__RenewedContract__r.StartDate
006Do000003R3REIA0,2023-01-12,,0,(2025-01-31)  D & J Concrete Corp.,2023-02-01
006Do000003R2VDIA0,2023-01-04,,0,(2025-01-31)  Smiley's Waterworks Inc.,2023-02-01
0063i00000JpXAwAAN,2023-01-06,2024-01-06,12,(2024-01-05)  On Call Services and Rentals,2023-01-06
0063i00000FRJB2AAP,2023-01-12,2024-01-12,12,(2024-01-11)  NAQUIN PAINTING & WATERPROOFING,2023-01-12
0063i00000JpXmbAAF,2023-01-07,2024-01-07,12,(2024-01-06)  Airtight of Kansas,2023-01-07
0063i00000JpXqoAAF,2023-01-11,2024-01-11,12,(2024-01-10)  USA Erectors,2023-01-11
0063i00000JpXrqAAF,2023-01-04,2024-01-04,12,(2024-01-03)  Normco Pump And Power,2023-01-04
006Do000003RAbUIAW,2023-01-05,,0,(2024-01-31)  THE CONCRETE GUYS OF OHIO,2022-02-01
006Do000003R7HDIA0,2023-01-09,2025-02-01,24,"(2025-01-31)  Metro-Floors, Inc.",2023-02-01
006Do000003R9bMIAS,2023-01-04,2024-01-07,12,(2024-01-06)  MCCORD CONTRACT FLOORS,2023-01-07
006Do000003RGoIIAW,2023-11-30,,0,(2023-11-30)  PSL Estimating Services,2021-12-01
006Do000003R9wFIAS,2023-01-04,2024-01-15,12,(2024-01-14)  Kleinfelder-Las Vegas,2023-01-15
0063i00000JpUSPAA3,2023-01-31,2023-02-01,12,(2023-01-31)  True Tech Air Conditioning Inc.,2022-02-01
0063i00000FRsJMAA1,2023-01-04,,0,(2024-01-31)  Morris-Shea Bridge Company,2023-02-01
0063i00000JpWhsAAF,2023-01-07,,0,(2024-01-07)  ADVANTAGE SPORT & FITNESS INC,2023-01-08
0063i00000JpXGUAA3,2023-01-12,2024-01-12,12,"(2024-01-11)  NorCal Construction Industry Compliance (NCIC), LMCC",2023-01-12
0063i00000JpkHpAAJ,2023-12-31,2025-01-01,36,(2024-12-31)  PALMA INC,2022-01-01
006Do000003Qpv1IAC,2023-01-03,,0,(2025-01-31)  GBU Construction Development,2023-02-01
006Do000003R2UoIAK,2023-01-04,,0,(2024-01-31)  Eastern Solar Glass LLC,2023-02-01
006Do000003R7hVIAS,2023-01-03,2024-01-13,12,(2024-01-12)  Dolan Concrete Construction,2023-01-13
006Do000003R2SiIAK,2023-01-05,,0,"(2025-01-31)  Corridor Electric, Inc. (Snohomish)",2023-02-01
006Do000001rX99IAE,2023-01-05,,0,(2024-01-20)  Hoar Construction LLC HRZ - Hoar Construction,2023-01-21
006Do000003R3ZIIA0,2023-01-10,,0,(2025-01-31)  Advanced Mechanical,2023-02-01
006Do000003R3ZrIAK,2023-01-17,,0,(2024-01-31)  GMC Contractors LLC,2023-02-01
006Do000003R3YtIAK,2023-01-13,,0,"(2024-01-31)  North East Fire Protection, LLC",2023-02-01
006Do000003R3X2IAK,2023-01-09,,0,(2024-01-31)  The Mentor Ridge Company,2023-02-01
006Do000001s6KLIAY,2023-01-04,,0,(2023-01-31)  Hoffman Floor Covering Corp.,2022-12-23
006Do000001s2woIAA,2023-01-05,,0,(2025-01-21)  SEQUOIA CONSULTANTS,2022-01-22
006Do000001s2wpIAA,2023-01-06,2024-01-26,24,(2024-01-25)  STURGIS MATERIALS INC,2022-01-26
006Do000001s2wrIAA,2023-01-05,2024-01-14,24,(2024-01-13)  HGR GROUP,2022-01-14
006Do000001s2wtIAA,2023-01-06,2024-01-24,24,(2024-01-23)  THE ESHELMAN COMPANY INC.,2022-01-24
006Do000001s2wwIAA,2023-01-09,,0,(2026-01-31)  ANISSA CONSTRUCTION,2023-02-01
006Do000001s3G8IAI,2023-01-23,,0,(2023-01-26)  ASC ENGINEERED SOLUTIONS (formerly Anvil International),2020-01-27
006Do000001s3G6IAI,2023-01-04,,0,(2024-01-19)  2H CONSTRUCTION,2023-01-20
006Do000001s8X3IAI,2023-01-11,2024-01-14,12,"(2024-01-13)  John F. Pennebaker Co., Inc.",2023-01-14
006Do000001s8X6IAI,2023-01-04,2024-01-05,12,(2024-01-04)  PRITCHARD ELECTRIC CO.,2023-01-05
006Do000002QMLNIA4,2023-01-12,2023-03-01,12,(2023-02-28)  Tri-County Insulation & Acoustical Contractors,2022-03-01
006Do000001s3UeIAI,2023-01-09,,0,(2024-09-30)  US CONSTRUCTION FABRICS,2022-10-01
006Do000001s3UmIAI,2023-01-03,,0,(2023-02-03)  BOBCAT OF WATERTOWN,2022-02-04
006Do000001s0U9IAI,2023-02-18,,0,(2023-02-18)  INT'L UNION OF OPERATING ENGIN,2022-02-19
006Do000003R9vwIAC,2023-01-04,,0,(2024-01-19)  Empire Fence (AKA ASSOCIATED FENCE OF GLENDALE),2023-01-20
006Do000001s3TnIAI,2023-02-24,,0,(2023-02-24)  JS COLE COMPANY LLC,2022-02-25
006Do000001s3TpIAI,2023-01-09,,0,(2023-02-28)  SYSERCO AND SYSERCO MIDWEST,2022-03-01
006Do000001s2x3IAA,2023-01-05,,0,(2024-01-20)  M NATAL CONTRACTOR,2022-01-21
006Do000001s2x7IAA,2023-01-05,2024-01-06,24,(2024-01-05)  CSG RESTORATION,2022-01-06
006Do000001s6tzIAA,2023-03-07,,0,(2023-03-31)  METRO BUILDERS & ENG GROUP LTD,2022-02-01
006Do000003R9cuIAC,2023-01-04,2024-01-19,12,(2024-01-18)  TRI STAR MECHANICAL CONTRACTORS,2023-01-19
006Do000001s3UNIAY,2023-01-13,,0,(2023-02-14)  WILDISH CONSTRUCTION CO,2022-02-15
006Do000001s3UUIAY,2023-02-03,,0,(2023-02-28)  D R BILLINGS INC,2022-03-01
006Do000001s92qIAA,2023-01-03,,0,(2024-01-12)  FIRST FRUIT EXCAVATING,2023-01-13
006Do000003R3ZcIAK,2023-01-13,,0,"(2024-01-31)  JBI Painting, Inc.",2023-02-01
006Do000003R3iAIAS,2023-01-06,,0,"(2025-01-31)  The Carpenter's Son Construction, Inc.",2023-02-01
006Do000003R3RxIAK,2023-01-12,,0,"(2025-01-31)  Double R Drywall, Inc.",2023-02-01
006Do000003R3WYIA0,2023-01-12,,0,"(2024-01-31)  G3 Glass Granite Group, LLC",2023-02-01
006Do000003R3WsIAK,2023-01-16,,0,(2025-01-31)  Ed Schory and Son,2023-02-01
006Do000003R3WtIAK,2023-01-03,,0,(2024-01-31)  Shannon Fence Company,2023-02-01
0063i000004kcLBAAY,2023-01-18,2023-12-01,12,(2023-11-30)  VARCO PRUDEN BUILDINGS,2022-12-01
0063i00000FQqE6AAL,2023-01-24,2025-01-25,36,(2025-01-24)  NYCOM INC,2022-01-25
0063i00000FQkKAAA1,2023-01-03,,0,(2023-01-31)  MASS BROKEN STONE,2022-02-01
0063i00000FQkIrAAL,2023-01-01,,0,"(2023-12-31)  Southern Drywall, LLC",2023-01-01
0063i00000FQkJvAAL,2023-01-31,,0,(2026-01-31)  Cornerstone General Contractors WA,2023-02-01
0063i00000JpVFDAA3,2023-01-03,,0,(2025-01-31)  Gatz Sitework & Landscape Construction,2023-02-01
0063i00000HmaMHAAZ,2023-01-01,2024-01-01,12,(2023-12-31)  All Pro Painting,2023-01-01
0063i00000HmaUnAAJ,2023-01-06,2024-02-01,12,"(2024-01-31)  Hypower, LLC",2023-02-01
0063i00000E6ppkAAB,2023-01-31,,0,(2023-10-31)  Win Waste (formerly Wheelabrator ),2021-03-18
0063i00000Hn4nIAAR,2023-01-31,,0,(2024-01-31)  Cassisi II Construction,2022-08-01
0063i00000Hn4qqAAB,2023-05-11,,0,"(2023-03-31)  S&B MECHANICAL, INC Renewed",2021-04-01
0063i00000JpVFmAAN,2023-01-16,,0,"(2025-01-31)  Nass-Tech Mechanical, LLC",2023-02-01
0063i00000JpXiPAAV,2023-01-02,2024-01-03,12,(2024-01-02)  REED-HAYS CONSTRUCTION,2023-01-03
0063i00000JpXuLAAV,2023-02-16,,0,(2023-02-16)  ST Controls LLC,2022-02-17
0063i00000JpXiQAAV,2023-01-03,2024-01-04,12,(2024-01-03)  PAC CON GLAZING INC,2023-01-04
0063i00000JpXiRAAV,2023-01-03,,0,(2024-12-31)  LAMBS LAWN SERVICE & LANDSCAPING LLC,2023-01-01
0063i00000JpXiTAAV,2023-01-03,2024-01-08,12,(2024-01-07)  BUILT ALL,2023-01-08
0063i00000JpXiYAAV,2023-01-03,2024-01-13,12,(2024-01-12)  MARTIN ROOFING SERVICES INC.,2023-01-13
0063i00000JpXmPAAV,2023-01-05,2024-01-15,12,(2024-01-14)  Construction & General Laborers Local 1290,2023-01-15
0063i00000JpXuhAAF,2023-02-09,,0,(2023-02-09)  Turf Prep,2022-02-10
0063i00000JpXqzAAF,2023-01-04,,0,(2024-01-31)  F and M Construction,2023-02-01
0063i00000JpXj1AAF,2023-01-13,,0,(2023-02-28)  AUTODESK PLANGRID (refer to Autodesk as these accounts are merging,2022-03-01
0063i00000JpXj7AAF,2023-01-06,2024-01-09,12,(2024-01-08)  MCGUIRE CONTRACTING INC,2023-01-09
0063i00000JpXj9AAF,2023-01-06,2024-01-10,12,(2024-01-09)  ROMIDA INC,2023-01-10
0063i00000JpXn5AAF,2023-03-15,,0,"(2023-03-31)  New York Quarries, Inc.",2022-04-01
0063i00000JpXjHAAV,2023-01-10,2025-01-19,24,(2025-01-18)  HEATH STEEL,2023-01-19
0063i00000JpXvUAAV,2022-12-19,,0,"(2023-02-17)  LBC Irwindale, LLC",2022-02-18
0063i00000JpXrrAAF,2023-01-31,,0,(2023-01-31)  York Concrete,2022-02-01
0063i00000JpXfYAAV,2022-12-29,,0,(2023-02-09)  VISIT LOUDOUN,2022-02-10
0063i00000JpXffAAF,2023-01-06,,0,(2024-01-31)  TURTLE & HUGHES,2023-02-01
0063i00000JpXfgAAF,2022-12-29,,0,(2023-02-01)  LANG EQUIPMENT,2022-02-02
0063i00000JpXg0AAF,2023-01-11,2024-01-19,12,(2024-01-18)  L2 SPECIALTIES INC,2023-01-19
0063i00000JpXkQAAV,2023-01-04,2024-02-23,24,(2024-02-22)  PASCO BUILDING AUTOMATION SYSTEMS,2022-02-23
0063i00000JpXsgAAF,2023-01-03,,0,(2024-01-09)  American Concrete Pumping,2023-01-10
0063i00000JpXshAAF,2022-12-01,,0,(2023-02-13)  Security 101 - Las Vegas,2022-02-14
0063i00000JpbfEAAR,2023-12-02,,0,(2024-12-02)  RICHARD N BEST ASSOCIATES INC,2021-12-03
0063i00000JpXsnAAF,2023-01-18,2024-01-18,12,(2024-01-17)  Morgantown Power Equipment,2023-01-18
0063i00000JpXsrAAF,2023-01-31,,0,(2024-01-31)  Olde New England Granite,2023-02-01
0063i00000JpXsuAAF,2022-12-09,,0,(2023-02-03)  TEAL,2022-02-04
0063i00000JpXsyAAF,2023-01-31,,0,(2024-01-31)  CDM Constructors Inc,2023-02-01
0063i00000JpXkwAAF,2023-01-05,2024-01-05,12,(2024-01-04)  ENTEK SYSTEMS,2023-01-05
0063i00000JpXt8AAF,2022-11-29,,0,(2023-02-09)  Hue & Cry,2022-02-10
0063i00000JpXx6AAF,2024-04-07,,0,(2024-04-07)  Darco LLC,2022-04-08
0063i00000JpXgqAAF,2022-12-06,,0,(2023-02-14)  THE CASHION CO,2022-02-15
0063i00000JpXtJAAV,2023-01-04,2024-01-19,12,(2024-01-18)  Professional Paving,2023-01-19
0063i00000JpXtRAAV,2023-01-19,,0,(2024-01-19)  Patania Masonry,2023-01-20
0063i00000JpXtXAAV,2023-01-20,,0,(2024-01-19)  Bowman Asphalt,2023-01-20
0063i00000JpXh4AAF,2023-01-14,,0,(2024-01-14)  LIGHTNING VENTURES,2023-01-15
0063i00000JpXh6AAF,2023-01-17,2024-01-18,12,(2024-01-17)  INTERNATIONAL UNION OF OPERATING ENGINEERS - Local 825,2023-01-18
0063i00000JpXhHAAV,2023-01-02,2024-01-09,12,(2024-01-08)  WELLIVER MCGUIRE INC,2023-01-09
0063i00000JpXlJAAV,2023-01-09,2023-03-25,12,"(2023-03-24)  ADVANCED GLAZINGS, LTD",2022-03-25
0063i00000JpXpZAAV,2022-12-05,,0,"(2023-02-07)  R.L. McCoy, Inc.",2022-02-08
0063i00000JpXliAAF,2023-02-27,,0,(2023-02-26)  ARCHITECTURAL BUILDERS HARDWARE,2022-02-27
0063i00000JpXheAAF,2023-01-05,,0,(2024-01-05)  53 CORPORATION,2023-01-06
0063i00000JpXhgAAF,2023-01-06,2024-01-09,12,(2024-01-08)  H-M COMPANY,2023-01-09
0063i00000JpXlpAAF,2023-01-05,,0,(2024-01-31)  WARREN LIGHTNING ROD CO,2023-02-01
0063i00000JpVVKAA3,2023-04-25,,0,(2023-04-30)  Sunrise Air Conditioning & Heating Inc.,2021-05-01
0063i00000JpVITAA3,2023-01-13,2025-02-01,24,"(2025-01-31)  Sideline Painting, Inc.",2023-02-01
0063i00000JpVMcAAN,2023-01-06,,0,(2025-01-31)  Blackstone Landscape Design,2023-02-01
0063i00000JpVMpAAN,2023-01-09,,0,(2025-01-31)  American Ornamental Iron Corp.,2023-02-01
0063i00000JpVRTAA3,2023-01-09,2025-02-01,24,(2025-01-31)  True Stone Masonry,2023-02-01
0063i00000JpVIaAAN,2023-01-06,,0,"(2025-01-31)  JK Alarms of Arizona, Inc.",2023-02-01
0063i00000JpVIrAAN,2023-01-16,,0,(2025-01-31)  EMP,2023-02-01
0063i00000JpVNBAA3,2023-01-05,,0,"(2025-01-31)  A.S.A.P. Door Repair & Service, Inc.",2023-02-01
0063i00000JpVXiAAN,2023-01-04,,0,"(2025-01-31)  A-1 Enterprises, Inc.",2023-02-01
0063i00000JpVW4AAN,2023-01-17,,0,(2025-01-31)  Aztec Flooring LLC,2023-02-01
0063i00000JpVNbAAN,2023-01-12,,0,(2025-01-31)  DHS Fraco,2023-02-01
0063i00000JpVSAAA3,2023-01-05,,0,"(2025-01-31)  Tommy Wallace Electrical, Inc.",2023-02-01
0063i00000JpVJQAA3,2023-01-17,2023-03-01,24,(2023-02-28)  Bunger Steel Incorporated,2021-03-01
0063i00000JpVNdAAN,2023-01-17,,0,(2025-01-31)  Swift Acoustics Inc.,2023-02-01
0063i00000JpVJoAAN,2022-12-14,,0,"(2023-02-28)  V. J. Scozzari & Sons, Inc.",2021-03-01
0063i00000JpVSeAAN,2023-01-09,,0,"(2025-01-31)  Scaffolding Solutions, LLC",2023-02-01
0063i00000JpVK7AAN,2023-01-12,,0,(2024-01-31)  Hitt Concrete & Site Construction Inc.,2023-02-01
0063i00000JpVTDAA3,2023-01-05,,0,(2025-01-31)  Micks Glass Service,2023-02-01
0063i00000JpVKPAA3,2023-01-09,,0,(2025-01-31)  Biles Electrical & Mechanical LLC,2023-02-01
0063i00000JpVGYAA3,2023-01-03,2023-02-01,24,(2023-01-31)  Suffolk Industries,2021-02-01
0063i00000FRJDDAA5,2023-01-18,,0,(2024-01-15)  Bigge Crane & Rigging Co,2023-01-16
0063i00000JpVLAAA3,2023-01-10,,0,(2025-01-31)  Guardian Fence Co.,2023-02-01
0063i00000JpVTxAAN,2023-01-06,,0,"(2025-01-31)  DNB Grading, Inc.",2023-02-01
0063i00000JpVHUAA3,2023-01-04,,0,(2025-01-31)  Made in the Shade,2023-02-01
0063i00000JpVLlAAN,2023-01-04,,0,"(2025-01-31)  Lucas Waterproofing Co., LLC",2023-02-01
0063i00000HmaRwAAJ,2023-01-01,2024-01-01,12,(2023-12-31)  The Fire Group Inc.,2023-01-01
0063i00000JpVUdAAN,2023-01-03,,0,(2025-01-31)  HLK Drywall LLC,2023-02-01
0063i00000HmaUwAAJ,2023-01-01,2024-01-01,12,(2023-12-31)  Williams Plumbing and Mechanical Svcs.,2023-01-01
0063i00000JpVV2AAN,2023-04-11,,0,(2023-04-30)  All American Debris & Wrecking,2021-05-01
0063i00000JpVI9AAN,2023-01-05,,0,"(2025-01-31)  Franklin Flooring, Inc.",2023-02-01
0063i00000JpVIEAA3,2023-01-04,,0,"(2025-01-31)  Gulfstream Petroleum Services, Inc.",2023-02-01
0063i00000Hmc5xAAB,2023-01-01,2025-01-01,24,(2024-12-31)  Electric Worxx LLC,2023-01-01
0063i00000JpUsgAAF,2023-01-06,,0,(2025-01-31)  PJs Plumbing Co.,2023-02-01
0063i00000JpUiEAAV,2023-01-11,,0,(2024-01-31)  J.W. Electric Service,2023-02-01
0063i00000JpUiHAAV,2023-01-06,,0,(2025-01-31)  Pompton Painting Co.,2023-02-01
0063i00000JpUiMAAV,2023-01-09,,0,(2025-01-31)  EASTERN POWER ELECTRIC,2023-02-01
0063i00000JpUa8AAF,2023-01-03,,0,"(2024-01-31)  D'Amelio Brothers, Inc.",2023-02-01
0063i00000JpUaDAAV,2023-01-04,,0,(2024-01-31)  Boardwalk Construction Group LLC,2023-02-01
0063i00000JpUeLAAV,2023-01-12,2024-02-01,12,(2024-01-31)  Four Corners Painting L L C,2023-02-01
0063i00000JpUeWAAV,2023-01-04,2023-02-01,12,(2023-01-31)  Fagan Construction Services,2022-02-01
0063i00000JpV5mAAF,2023-01-05,,0,(2025-01-31)  Wintech Solutions Inc.,2023-02-01
0063i00000JpXcyAAF,2022-12-09,,0,"(2023-02-08)  EWI Constructors, Inc.",2022-02-09
0063i00000JpXd0AAF,2022-12-12,,0,"(2023-02-16)  FLOYD CONSTRUCTION OF NWF, INC.",2022-02-17
0063i00000JpUiUAAV,2023-01-17,2023-02-01,12,(2023-01-31)  Concrete Developers Inc.,2022-02-01
0063i00000JpUW0AAN,2023-01-04,,0,(2023-01-31)  Heavy Duty Floors LLC,2022-02-01
0063i00000JpUecAAF,2023-01-04,,0,"(2024-01-31)  LiveGreen, Inc.",2023-02-01
0063i00000JpV1qAAF,2023-01-13,2023-02-01,24,(2023-01-31)  Welton Underground,2021-02-01
0063i00000JpVA2AAN,2023-01-12,2025-02-01,24,(2025-01-31)  Texas Saffire LLC,2023-02-01
0063i00000JpVEFAA3,2023-04-28,,0,"(2023-04-30)  Universal Steel of America, Inc.",2021-05-01
0063i00000JpUisAAF,2023-01-13,,0,(2024-01-31)  Centerline Surveying LLC BB,2023-02-01
0063i00000JpUivAAF,2023-01-13,,0,(2024-01-31)  Terrascapes Total Landscape Service,2023-02-01
0063i00000JpUW8AAN,2023-01-03,,0,(2024-01-31)  BG Electric Inc.,2023-02-01
0063i00000JpUW9AAN,2023-01-03,,0,(2024-01-31)  County Waste and Recycling,2023-02-01
0063i00000JpUabAAF,2023-01-06,,0,"(2024-01-31)  Kvc Constructors, Inc.",2023-02-01
0063i00000JpUwEAAV,2023-01-06,,0,"(2025-01-31)  Brush Prairie Concrete, Inc.",2023-02-01
0063i00000JpVAKAA3,2023-01-05,,0,"(2025-01-31)  Texas Underground Utilities, Inc.",2023-02-01
0063i00000JpXfHAAV,2023-01-03,2024-01-19,12,(2024-01-18)  APAX GLASS INC,2023-01-19
0063i00000JpUj4AAF,2023-01-09,,0,(2024-01-31)  De Haro Ramirez Group Texas LLC,2023-02-01
0063i00000JpUWUAA3,2022-12-20,2023-02-01,24,(2025-01-31)  Next Level Painting,2023-02-01
0063i00000JpUaqAAF,2023-01-05,,0,(2023-01-31)  SDL Electric L.L.C.,2022-02-01
0063i00000JpVEsAAN,2023-01-06,,0,(2025-01-31)  Pinnacle Contracting Corp.,2023-02-01
0063i00000JpUugAAF,2023-01-10,,0,"(2025-01-31)  PrimeTime Demolition Services, Inc.",2023-02-01
0063i00000JpUb5AAF,2023-01-09,,0,(2024-01-31)  Hewson Landscape Inc.,2023-02-01
0063i00000JpUbAAAV,2023-01-13,,0,(2024-01-31)  A & O Heating & Cooling LLC,2023-02-01
0063i00000JpUfWAAV,2023-01-04,,0,(2024-01-31)  GQ Epoxy Flooring,2023-02-01
0063i00000JpUfZAAV,2023-01-13,,0,(2024-01-31)  Get Flooring,2023-02-01
0063i00000JpXdWAAV,2022-12-06,,0,(2023-02-17)  Netfloor USA,2022-02-18
0063i00000JpUjjAAF,2023-01-04,2023-03-01,12,(2023-02-28)  Express Plumbing & Remodeling,2022-03-01
0063i00000JpUfqAAF,2023-01-17,,0,(2024-01-31)  Straight Edge Painting Pros,2023-02-01
0063i00000JpV6lAAF,2023-01-06,,0,(2025-01-31)  All Seal,2023-02-01
0063i00000JpV6uAAF,2023-01-12,,0,"(2025-01-31)  Boulevard Glass & Metal, Inc.",2023-02-01
0063i00000JpVB5AAN,2023-01-11,,0,(2025-01-31)  Blue Hammer Construction LLC,2023-02-01
0063i00000JpXeBAAV,2023-01-06,2024-01-09,12,"(2024-01-08)  TESONE TRANSPORT, INC.",2023-01-09
0063i00000JpXeNAAV,2023-01-17,2024-03-26,24,(2024-03-25)  CHIP KRONAU CONSTRUCTION & EQUIPMENT INC,2022-03-26
0063i00000JpUXEAA3,2023-01-05,2023-02-01,12,"(2023-01-31)  BMI Installations, Inc.",2022-02-01
0063i00000JpUXIAA3,2023-01-09,,0,"(2024-01-31)  Certified Enameling, Inc.",2023-02-01
0063i00000JpUxAAAV,2023-01-02,,0,(2025-01-31)  RM Electric,2023-02-01
0063i00000JpUylAAF,2023-01-04,,0,"(2025-01-31)  Trester, LLC",2023-02-01
0063i00000JpV2xAAF,2023-01-10,,0,"(2024-01-31)  R. Mastrangelo Landscaping, Inc.",2023-02-01
0063i00000JpUkHAAV,2023-01-10,,0,"(2024-01-31)  Sha-Nic, Inc.",2023-02-01
0063i00000JpUbyAAF,2023-01-13,,0,(2024-01-31)  Best Way Electric LLC,2023-02-01
0063i00000JpUgEAAV,2023-01-05,,0,(2024-01-31)  360 Painting Lynbrook,2023-02-01
0063i00000JpVBjAAN,2023-01-15,,0,(2025-01-31)  JBC Repairs,2023-02-01
0063i00000JpVBlAAN,2023-01-17,2023-03-01,24,(2023-02-28)  Total Plumbing,2021-03-01
0063i00000JpXYvAAN,2022-12-29,,0,(2023-02-08)  K.R. Youland & Son,2022-02-09
0063i00000JpXZ0AAN,2022-12-09,,0,(2023-02-09)  Edward Simon & Co.,2022-02-10
0063i00000JpXeqAAF,2023-01-06,2024-01-07,12,(2024-01-06)  ROTO ROOTER,2023-01-07
0063i00000JpXesAAF,2023-01-03,2024-01-17,12,"(2024-01-16)  C. MERRILL CONSTRUCTION, LLC",2023-01-17
0063i00000JpUvUAAV,2023-01-05,,0,(2025-01-31)  Residential Glass,2023-02-01
0063i00000JpUkRAAV,2023-01-03,,0,"(2024-01-31)  Byrnes Mechanical Contractors, Inc.",2023-02-01
0063i00000JpUXnAAN,2023-01-09,,0,(2024-01-31)  Cleaver Brooks,2023-02-01
0063i00000JpVC7AAN,2023-01-11,2025-02-01,24,(2025-01-31)  Renaissance Drywall,2023-02-01
0063i00000JpUcIAAV,2023-01-05,,0,(2024-01-31)  Artistic Flooring Solutions LLC,2023-02-01
0063i00000JpV3sAAF,2023-01-11,,0,(2025-01-31)  Thumbs Up Plumbing Service,2023-02-01
0063i00000JpXbZAAV,2023-01-20,,0,(2024-01-19)  Danner's Security & Maritime Company,2023-01-20
0063i00000JpUtLAAV,2023-01-11,,0,"(2025-01-31)  Finley, LLC",2023-02-01
0063i00000JpUh7AAF,2022-12-09,,0,(2023-02-28)  Professional Window Treatments,2022-03-01
0063i00000JpUYDAA3,2023-01-17,,0,(2024-01-31)  Astro Fence Co.,2023-02-01
0063i00000JpUlGAAV,2023-01-05,,0,"(2025-01-31)  D.A.S.H. Concrete, Inc.",2023-02-01
0063i00000JpXbvAAF,2023-01-05,2024-01-05,12,(2024-01-04)  ARROW ENGINEERING,2023-01-05
0063i00000JpUhJAAV,2023-01-01,,0,(2023-12-31)  Genesis Group Painting,2023-01-01
0063i00000JpUd5AAF,2023-01-17,,0,"(2024-01-31)  Elite Landscape Contractors, Inc.",2023-02-01
0063i00000JpV0IAAV,2023-01-06,,0,"(2025-01-31)  K & K Fence, Inc.",2023-02-01
0063i00000JpV0JAAV,2023-01-10,2025-02-01,24,(2025-01-31)  A.A.S.M. Heating & Cooling,2023-02-01
0063i00000JpXZzAAN,2023-01-03,2024-01-11,12,(2024-01-10)  Red Moon Staffing,2023-01-11
0063i00000JpUUFAA3,2023-01-12,2025-02-01,24,(2025-01-31)  Core Values Construction,2023-02-01
0063i00000JpUUIAA3,2023-01-17,,0,"(2024-01-31)  Tri State Industrial Floors, Inc.",2023-02-01
0063i00000JpUZBAA3,2023-01-06,,0,(2024-01-31)  Cor3 Mechanical,2023-02-01
0063i00000JpV0WAAV,2023-01-12,,0,(2025-01-31)  Spartan Mechanical LLC,2023-02-01
0063i00000JpV8dAAF,2023-01-12,,0,"(2025-01-31)  Delta-E Foam Construction, Inc.",2023-02-01
0063i00000JpUhTAAV,2022-12-14,,0,"(2023-02-28)  U.S. Structures Company, Inc.",2022-03-01
0063i00000JpUUfAAN,2023-01-05,2023-02-01,12,(2023-01-31)  Butler Floor & Carpet,2022-02-01
0063i00000JpUm6AAF,2023-01-13,,0,"(2025-01-31)  Accurate Door & Hardware, Inc.",2023-02-01
0063i00000JpV4mAAF,2023-01-03,,0,(2025-01-31)  Liberty Glass & Metal Inc.,2023-02-01
0063i00000JpXaaAAF,2022-12-12,,0,(2023-02-15)  Alois Roofing & Sheet Metal,2022-02-16
0063i00000JpXciAAF,2023-01-04,,0,(2024-01-04)  VPS Drywall LLC,2023-01-05
0063i00000JpXclAAF,2023-02-28,,0,(2023-02-28)  Meffen Enterprises LLC,2022-03-01
0063i00000JpUZZAA3,2023-01-07,,0,(2024-01-31)  Harvwood LLC,2023-02-01
0063i00000JpUZcAAN,2023-01-03,,0,(2024-01-31)  Lighten Up Electrical Service Corp.,2023-02-01
0063i00000JpUqjAAF,2023-01-17,,0,(2025-01-31)  Elite Construction,2023-02-01
0063i00000JpV13AAF,2023-01-11,,0,"(2025-01-31)  Complete Electrical & Communications, Inc.",2023-02-01
0063i00000JpV14AAF,2023-01-09,,0,(2025-01-31)  Integration Unlimited,2023-02-01
0063i00000JpV53AAF,2023-01-09,,0,(2025-01-31)  KPD Builders,2023-02-01
0063i00000JpVDTAA3,2023-01-06,,0,"(2025-01-31)  Metro Drywall & Construction, Inc.",2023-02-01
0063i00000JpXaoAAF,2023-02-16,,0,(2023-02-16)  CSH Electrical Contracting,2022-02-17
0063i00000JpXapAAF,2022-12-08,,0,(2023-02-22)  Navigator International LLC.,2022-02-23
0063i00000JpUi3AAF,2023-01-09,,0,(2024-01-31)  Willow Creek Flooring,2023-02-01
0063i00000JpUeHAAV,2023-01-12,,0,(2024-01-31)  Commercial Interiors by JOF,2023-02-01
0063i00000JpX1HAAV,2023-01-03,2024-01-11,12,(2024-01-10)  THE FLOOR SANDERS CO,2023-01-11
0063i00000FRKtZAAX,2023-01-01,2024-01-01,12,(2023-12-31)  MORIN CORP.,2023-01-01
0063i00000FRJFwAAP,2023-01-09,,0,(2024-01-21)  Reynolds & Associates,2023-01-22
0063i00000FRJDzAAP,2023-01-03,2024-01-19,12,(2024-01-18)  Time Savers Construction Services,2023-01-19
0063i00000FRJBhAAP,2023-01-03,2024-01-13,12,(2024-01-12)  Keystone Contracting Corp,2023-01-13
0063i00000FRJC6AAP,2023-01-13,,0,(2024-01-13)  Access Electric Supply,2023-01-14
0063i00000FRJCAAA5,2023-01-13,,0,(2024-01-13)  A.S.C. Security Systems,2023-01-14
0063i00000FRJCOAA5,2023-01-05,,0,(2025-01-14)  J & K PLUMBING & HTG COIN,2023-01-15
0063i00000FRJCWAA5,2023-01-10,,0,(2025-01-14)  Iron Workers Local #1,2023-01-15
0063i00000FRJCuAAP,2023-01-14,,0,(2024-01-14)  Top Notch Roofing Solutions LLC,2023-01-15
0063i00000FRJDCAA5,2023-01-02,2024-01-16,12,(2024-01-15)  BBL CONSTRUCTION SERVICES,2023-01-16
0063i00000FRJDnAAP,2023-01-05,2024-01-19,12,"(2024-01-18)  Aqua Science, Inc.",2023-01-19
0063i00000FRJDyAAP,2023-01-05,2024-01-19,12,"(2024-01-18)  Elements Business Enterprise, Inc (IL)",2023-01-19
0063i00000FRJEHAA5,2023-01-13,,0,(2024-01-19)  Norris Brothers Excavating,2023-01-20
0063i00000FRJEOAA5,2023-01-19,,0,(2024-01-19)  Integrity Electric,2023-01-20
0063i00000FRJFoAAP,2023-01-21,,0,"(2024-01-21)  Robert Madden Industries, LTD",2023-01-22
0063i00000FRJHDAA5,2023-01-25,2024-01-25,24,(2024-01-24)  Meinershagen Roofing & Sheet Metal LLC,2022-01-25
0063i00000FRJJOAA5,2023-01-03,,0,(2024-01-31)  CHENANGO CONTRACTING INC,2023-02-01
0063i00000FRJMYAA5,2023-01-04,,0,(2027-01-31)  Porter Brothers of IL,2023-02-01
0063i00000FRJNAAA5,2023-02-01,,0,(2024-01-31)  RENT A FENCE.COM,2023-02-01
0063i00000FRJ8cAAH,2023-01-06,2024-01-06,12,(2024-01-05)  KB Painting,2023-01-06
0063i00000FRJ8gAAH,2023-01-03,2024-01-06,12,(2024-01-05)  SMS Energy Group,2023-01-06
0063i00000FRJ96AAH,2023-01-10,2024-01-07,12,(2024-01-06)  Arete Construction Inc.,2023-01-07
0063i00000FRJ9BAAX,2023-01-03,2024-01-07,12,(2024-01-06)  Amtech Tank Lining & Repair,2023-01-07
0063i00000FRJ9DAAX,2023-01-04,2024-01-08,12,(2024-01-07)  HOGAN ASSOCIATES,2023-01-08
0063i00000FRJ9SAAX,2023-01-03,,0,(2024-01-07)  PINMOR Construction,2023-01-08
0063i00000FRJ9bAAH,2023-01-03,2024-01-08,12,(2024-01-07)  Corenic Construction Group LLC,2023-01-08
0063i00000FRJ9gAAH,2023-01-06,2024-01-09,12,"(2024-01-08)  BUTLER CONSTRUCTION COMPANY, LLC",2023-01-09
0063i00000FRJ9hAAH,2023-01-04,2024-01-09,12,(2024-01-08)  ROOFED RIGHT AMERICA LLC,2023-01-09
0063i00000FRJAIAA5,2023-01-10,2024-01-11,12,(2024-01-10)  C CARNEY RECYCLING SOLUTIONS,2023-01-11
0063i00000FRJAaAAP,2023-01-04,2024-01-11,12,(2024-01-10)  Affero Enterprises LLC,2023-01-11
0063i00000FRJBAAA5,2023-01-11,2024-01-12,12,(2024-01-11)  XS CONSTRUCTION CORPORATION,2023-01-12
0063i00000FRJBEAA5,2023-01-04,2024-01-12,12,"(2024-01-11)  Complete Control, Inc.",2023-01-12
0063i00000FRJBHAA5,2023-01-04,2024-01-12,12,(2024-01-11)  Peguero construction,2023-01-12
0063i00000FR0lpAAD,2022-02-15,,0,(2023-01-31)  Johnson Glass & Mirror Inc.,2022-02-01
0063i00000FSJvxAAH,2023-01-31,,0,(2025-01-31)  SUFFOLK CONSTRUCTION CORPORATE,2022-02-01
0063i00000FSKcaAAH,2023-04-05,,0,(2024-04-30)  FloorSmart,2022-05-01
0063i00000FRsIiAAL,2023-01-17,,0,(2024-01-31)  Mid-Continental Restoration Co. - HQ,2021-02-01
0063i00000FRsO0AAL,2023-01-05,,0,(2024-01-17)  KEE SAFETY INC,2022-01-18
0063i00000FRsVXAA1,2023-01-03,,0,"(2023-01-31)  Advanced Caulking Svcs., Inc.",2022-02-01
0063i00000FRsJHAA1,2023-01-03,,0,(2023-01-31)  ANDERSON PACIFIC,2022-02-01
0063i00000FRsOiAAL,2023-01-03,,0,(2024-01-10)  LAS CRUCES CONCRETE CONSTRUCTION,2023-01-11
0063i00000FRsZHAA1,2023-01-05,,0,"(2024-01-11)  Buda Woodworks, LLC",2023-01-12
0063i00000FRsKGAA1,2023-01-06,,0,(2023-01-24)  Superior Mason Products,2022-01-25
0063i00000FRsPXAA1,2025-01-14,,0,(2025-01-14)  SCP DISTRIBUTORS,2022-01-15
0063i00000FRsPZAA1,2023-01-03,,0,(2024-01-12)  JPI DEVELOPMENT,2023-01-13
0063i00000FRsEtAAL,2023-01-06,,0,(2024-01-18)  Cooley Construction Inc,2023-01-19
0063i00000FRsKJAA1,2023-01-05,,0,(2024-01-19)  E & D SPECIALTY STANDS INC,2022-01-20
0063i00000FRrz6AAD,2023-01-03,,0,(2024-01-16)  CUSTOM BUILDING PRODUCTS,2021-01-17
0063i00000FRsGKAA1,2023-01-03,2024-01-18,12,(2024-01-17)  GMC ENGINEERING INC,2023-01-18
0063i00000FRsLcAAL,2023-06-01,,0,(2023-12-31)  The Home Depot,2023-01-01
0063i00000FRsRIAA1,2023-01-10,2023-04-01,12,(2023-03-31)  BIG ASS FANS,2022-04-01
0063i00000FRsWRAA1,2023-01-05,,0,(2024-01-19)  Trimo-Group / Udo Clages Consulting LLC,2023-01-20
0063i00000FRsMPAA1,2023-01-03,,0,(2023-01-31)  PHILIP S MCCULLY & ASSOC (Acuity Program),2022-02-01
0063i00000FRsMWAA1,2023-01-31,,0,(2023-01-31)  RED DOT BUILDINGS SYSTEMS,2022-02-01
0063i00000FRsRwAAL,2023-01-11,,0,"(2023-01-31)  POINT SOURCE GROUP, INC (Acuity Program)",2022-02-01
0063i00000FRsN2AAL,2023-01-17,,0,(2024-01-31)  Schindler Elevator,2021-02-01
0063i00000FRsSVAA1,2023-01-03,,0,(2024-01-20)  ONSHORE CONSTRUCTION,2023-01-21
0063i00000FRsBGAA1,2023-01-03,,0,(2024-01-14)  ROBERT W IRVINE & SONS INC,2023-01-15
0063i00000FRsNvAAL,2023-01-31,,0,(2023-01-31)  SERGE FERRARI NORTH AMERICA,2022-02-01
0063i00000JpItrAAF,2023-01-02,2024-11-01,24,(2024-10-31)  Weidener Construction,2022-11-01
0063i00000FRsXFAA1,2023-01-31,,0,(2024-01-31)  Skyline Forming Incorporated,2023-02-01
0063i00000HmcEoAAJ,2023-01-01,,0,(2023-12-31)  Home Optics Glass Tinting,2023-01-01
0063i00000J8H2fAAF,2023-05-22,,0,(2024-06-30)  Ramjack New England,2022-06-01
0063i00000JpUSIAA3,2023-01-06,,0,(2024-01-31)  Ross Concrete & Masonry Inc.,2023-02-01
0063i00000J0YQHAA3,2023-01-01,,0,"(2025-01-31)  Beltway Builders, Inc.",2022-10-01
0063i00000JpX6fAAF,2023-01-13,2024-01-13,12,(2024-01-12)  Tax Point Advisors,2023-01-13
0063i00000JpXB3AAN,2023-01-17,,0,(2025-01-31)  ACE QUALITY CONTROL,2023-02-01
0063i00000JpXB5AAN,2023-01-04,,0,(2025-01-31)  CORE VALUES CONSTRUCTION,2023-02-01
0063i00000JpXF9AAN,2023-02-11,,0,(2023-02-11)  IMC Construction,2022-02-12
0063i00000JpXFPAA3,2023-01-12,2024-03-01,24,(2024-02-29)  Security Door Inc.,2022-03-01
0063i00000JpXJVAA3,2023-01-01,2024-01-02,12,(2024-01-01)  IANNELLI CONSTRUCTION,2023-01-02
0063i00000JpVf1AAF,2023-01-03,,0,(2024-01-31)  CleanPower,2023-02-01
0063i00000JpWgyAAF,2023-01-04,,0,(2024-01-14)  CHEMCOTE INC,2023-01-15
0063i00000JpWpvAAF,2023-01-11,2024-01-12,12,(2024-01-11)  IMPERIAL COMPANY,2023-01-12
0063i00000JpWuCAAV,2023-01-04,,0,(2024-01-21)  Restoration Systems Inc,2023-01-22
0063i00000JpWyWAAV,2023-01-03,2024-01-22,12,(2024-01-21)  NORCAL CONCRETE,2023-01-22
0063i00000JpX2tAAF,2023-01-17,2024-01-17,12,(2024-01-16)  Walker Trucking & Excavating,2023-01-17
0063i00000JpX73AAF,2023-01-05,2024-01-06,12,(2024-01-05)  BROOKSIDE CONTRACTING,2023-01-06
0063i00000JpX78AAF,2023-01-06,2024-01-07,12,(2024-01-06)  AMERICAN EVERGREEN INC.,2023-01-07
0063i00000JpX79AAF,2023-01-05,2024-01-08,12,"(2024-01-07)  DEMARS LANDSCAPING, LLC.",2023-01-08
0063i00000JpXFUAA3,2022-12-01,,0,"(2023-02-11)  Cook Construction & Design, Inc.",2022-02-12
0063i00000JpXJaAAN,2023-01-10,2024-03-05,24,(2024-03-04)  FLORIDA TILES,2022-03-05
0063i00000JpXSnAAN,2022-12-16,,0,(2023-02-07)  KEYSTONE LIME CO INC,2022-02-08
0063i00000JpXStAAN,2023-01-03,2024-01-07,12,(2024-01-06)  A PLUS CONSTRUCTION SERVICES,2023-01-07
0063i00000JpXSuAAN,2023-05-19,,0,"(2023-05-31)  Grunley Construction Co., Inc.",2022-06-01
0063i00000JpWuSAAV,2023-01-17,2024-01-18,12,(2024-01-17)  AMERICAN SHORING INC,2023-01-18
0063i00000JpWymAAF,2023-01-03,2024-01-13,12,(2024-01-12)  PACIFIC LIFT & EQUIPMENT,2023-01-13
0063i00000JpWytAAF,2023-01-05,2024-01-13,12,(2024-01-12)  Level Excavation,2023-01-13
0063i00000JpX33AAF,2023-01-18,2024-04-01,24,(2024-03-31)  Colliers International (SC),2022-04-01
0063i00000JpX7IAAV,2022-12-29,,0,(2023-02-10)  A-1 UNITED,2022-02-11
0063i00000JpXBOAA3,2023-01-08,,0,(2024-02-29)  Spiniello Companies CORPORATE,2020-03-01
0063i00000JpXFiAAN,2023-03-10,,0,(2023-03-10)  Capital Projects Inc.,2022-03-11
0063i00000JpXTFAA3,2023-01-03,,0,(2024-01-14)  COLORADO DESIGNSCAPES,2023-01-15
0063i00000JpXYHAA3,2023-01-10,,0,(2024-03-08)  OWA USA Corporation,2022-03-09
0063i00000JpVfRAAV,2023-01-09,2025-02-01,24,"(2025-01-31)  Vintage Contractors, Inc.",2023-02-01
0063i00000JpVfTAAV,2023-01-02,,0,"(2025-01-31)  Forest Restaurant Supply, Inc.",2023-02-01
0063i00000JpWhaAAF,2022-12-07,,0,(2023-02-28)  AMANO MCGANN INC,2022-03-01
0063i00000JpWywAAF,2023-01-15,2024-01-15,12,(2024-01-14)  SEAL-O-MATIC PAVING CO,2023-01-15
0063i00000JpWyyAAF,2022-12-29,,0,(2023-02-19)  SMITH AERIAL PHOTOGRAPHY,2022-02-20
0063i00000JpXBqAAN,2023-01-09,,0,(2025-02-28)  Hampton Roads Leasing Inc (DBA W3 Marine),2022-03-01
0063i00000JpXG1AAN,2022-11-29,,0,(2023-02-04)  Team Clean and Haul Corporation,2022-02-05
0063i00000JpXG3AAN,2023-01-03,2024-01-08,12,(2024-01-07)  Bana Builders,2023-01-08
0063i00000JpXG9AAN,2023-01-04,2024-01-14,12,"(2024-01-13)  Mass Crushing and Excavating, Inc.",2023-01-14
0063i00000JpXGAAA3,2023-01-10,,0,(2024-01-10)  ROMSCO INC,2023-01-11
0063i00000JpXK6AAN,2023-01-02,2024-01-03,12,(2024-01-02)  ADVANCED GEOSOLUTIONS INC,2023-01-03
0063i00000JpXKEAA3,2023-01-04,2024-01-13,12,(2024-01-12)  AMPTX ELECTRIC,2023-01-13
0063i00000JpXTHAA3,2023-01-06,2024-01-10,12,(2024-01-09)  OVERHEAD DOOR CO OF HARTFORD,2023-01-10
0063i00000JpVk2AAF,2023-01-13,2023-03-01,24,(2023-02-28)  C&R Fence Contractors Inc.,2021-03-01
0063i00000JpWllAAF,2023-01-15,2024-01-15,12,(2024-01-14)  Wilson Lumber,2023-01-15
0063i00000JpWqgAAF,2022-12-16,,0,(2023-02-28)  XCEL CLEAN OF INDIANA,2022-03-01
0063i00000JpWqpAAF,2023-01-05,2024-01-06,12,(2024-01-05)  IEE,2023-01-06
0063i00000JpWv2AAF,2023-01-19,,0,(2024-01-19)  CENTERPOINT ENERGY,2023-01-20
0063i00000JpX7jAAF,2023-01-04,2024-01-13,12,(2024-01-12)  Admiral Heating & Ventilating INC,2023-01-13
0063i00000JpXBsAAN,2023-01-21,,0,(2024-01-21)  MISSCO INTERIOR CONCEPTS LLC (purchased by Craft Croswell),2023-01-22
0063i00000JpXC5AAN,2023-01-04,2024-01-13,12,(2024-01-12)  Twin City Brick & Stone,2023-01-13
0063i00000JpXGIAA3,2023-01-01,2024-01-13,12,(2024-01-12)  Al Miller & Sons Roofing Inc,2023-01-13
0063i00000JpXGJAA3,2023-01-04,2024-01-14,12,"(2024-01-13)  Granite Demolition & Excavation, Inc.",2023-01-14
0063i00000JpXKNAA3,2023-01-21,,0,(2024-01-20)  Premier Energy Controls,2023-01-21
0063i00000JpXThAAN,2023-01-02,2024-01-15,12,(2024-01-14)  DEL SIGNORE BLACKTOP PAVING,2023-01-15
0063i00000JpXXOAA3,2022-12-16,,0,(2023-02-28)  Wagstaff Crane Service,2022-03-01
0063i00000JpWhrAAF,2023-01-05,2024-01-06,12,"(2024-01-05)  PEARL RIVER PLUMBING, HEATING & ELECTRIC INC",2023-01-06
0063i00000JpWhuAAF,2023-01-03,2024-02-06,36,(2024-02-05)  HURRICANE FENCE COMPANY,2021-02-06
0063i00000JpWqzAAF,2022-12-29,,0,(2023-02-01)  BRANFORD BUILDING SUPPLY,2022-02-02
0063i00000JpWvKAAV,2023-01-03,2024-01-18,12,(2024-01-17)  CAPITOL CARPET COMPANY,2023-01-18
0063i00000JpX3rAAF,2022-12-29,,0,(2023-02-14)  JOHN P PLACE INC,2022-02-15
0063i00000JpX3yAAF,2023-06-11,,0,(2023-06-11)  Kiewit Infrastructure West Co..,2022-06-12
0063i00000JpX40AAF,2022-12-18,,0,(2023-02-10)  Teamsters Union Local #222,2022-02-11
0063i00000JpX7wAAF,2023-01-15,2024-01-16,12,(2024-01-15)  Data Bucket,2023-01-16
0063i00000JpX8BAAV,2023-01-05,,0,(2024-01-20)  S I PRECAST,2023-01-21
0063i00000JpXCRAA3,2023-01-17,2025-02-08,36,"(2025-02-07)  TCI Companies, Inc.",2022-02-08
0063i00000JpXGbAAN,2023-01-06,2024-01-12,12,(2024-01-11)  Jessco Construction,2023-01-12
0063i00000JpXGcAAN,2023-01-18,,0,(2024-01-18)  DC Excavation (MT),2023-01-19
0063i00000JpXGjAAN,2022-12-06,,0,"(2023-02-23)  International Vault, Inc.",2022-02-24
0063i00000JpXU2AAN,2023-01-03,2024-01-06,12,(2024-01-05)  TUTT INC,2023-01-06
0063i00000JpXU3AAN,2022-12-06,,0,(2023-02-24)  CONSTRUCTION SALES CO INC,2022-02-25
0063i00000JpWmGAAV,2022-12-05,,0,(2023-02-18)  Heritage Construction Companies LLC,2022-02-19
0063i00000JpWvXAAV,2023-01-09,,0,(2024-01-14)  BECK ELECTRIC,2023-01-15
0063i00000JpWzhAAF,2022-12-05,,0,(2023-02-05)  AZS INDUSTRIES LLC,2022-02-06
0063i00000JpWziAAF,2022-12-29,,0,(2023-02-08)  GUYER BROTHERS INC,2022-02-09
0063i00000JpX8CAAV,2023-01-05,2024-01-06,12,(2024-01-05)  JAT CONSTRUCTION,2023-01-06
0063i00000JpXGvAAN,2022-12-16,,0,"(2023-02-28)  Dale and Lees Service, Inc.",2022-03-01
0063i00000JpXPUAA3,2022-12-19,,0,(2023-02-17)  AMERICAN CIVIL CONSTRUCTORS WEST COAST LLC,2022-02-18
0063i00000JpWmZAAV,2022-11-29,,0,(2023-02-05)  Laneville Rocks & Backhoe,2022-02-06
0063i00000JpWmaAAF,2023-01-20,,0,"(2024-01-19)  J Schrack & Co., LLC",2023-01-20
0063i00000JpWrVAAV,2023-01-06,2024-01-06,12,(2024-01-05)  OAKLEY FENCE CO,2023-01-06
0063i00000JpWrWAAV,2023-01-06,2024-01-07,12,(2024-01-06)  INNERPLAN,2023-01-07
0063i00000JpWrXAAV,2023-01-03,2024-01-08,12,(2024-01-07)  C J CONCRETE CONSTRUCTION INC.,2023-01-08
0063i00000JpX8aAAF,2023-01-04,2024-01-19,12,(2024-01-18)  Sageleaf Dumpster Service,2023-01-19
0063i00000JpX8gAAF,2023-01-06,2025-03-08,36,(2025-03-07)  TIMBER LINE ELECTRIC & CONTROL,2022-03-08
0063i00000JpXClAAN,2023-01-03,2024-01-21,12,(2024-01-20)  Ian Thomas Group-HRZ_The Ian Thomas Group,2023-01-21
0063i00000JpXHEAA3,2023-01-03,2024-01-13,12,"(2024-01-12)  eBuilders Group, Inc.",2023-01-13
0063i00000JpXUOAA3,2023-01-13,2025-01-09,24,(2025-01-08)  CHENEY CONST INC,2023-01-09
0063i00000JpXUQAA3,2023-01-03,2024-01-07,12,(2024-01-06)  Grand Banks Building Products,2023-01-07
0063i00000JpXURAA3,2023-01-08,,0,(2024-01-08)  Plumbers and Steamfitters Local 565,2023-01-09
0063i00000JpVgpAAF,2023-01-13,,0,(2025-01-31)  Womack Construction,2023-02-01
0063i00000JpWipAAF,2023-01-03,2024-01-10,12,"(2024-01-09)  Allstate Heating and Cooling, Inc.",2023-01-10
0063i00000JpWs4AAF,2023-01-17,2023-03-27,12,(2023-03-26)  KEY RENTALS,2022-03-27
0063i00000JpXD4AAN,2023-01-05,2024-01-05,12,(2024-01-04)  Reddick Stevens Construction,2023-01-05
0063i00000JpXDCAA3,2022-12-29,,0,(2023-02-08)  D&P Construction Co Inc,2022-02-09
0063i00000JpXLbAAN,2023-01-02,2024-01-19,12,(2024-01-18)  CHAMPAGNE DRYWALL INC,2023-01-19
0063i00000JpXPrAAN,2023-03-07,,0,(2023-08-31)  JAMES HARDIE BUILDING PRODUCTS INC.,2022-09-01
0063i00000JpWj2AAF,2023-01-16,,0,(2024-01-16)  Constantine Paving & Sealing,2023-01-17
0063i00000JpWneAAF,2023-01-10,2024-01-11,12,(2024-01-10)  BRANOM INSTRUMENT COMPANY,2023-01-11
0063i00000JpX52AAF,2023-01-06,2027-06-15,0,(2027-06-14)  MSCI,2022-07-01
0063i00000JpX90AAF,2022-12-29,,0,(2023-02-05)  J&P Caulking,2022-02-06
0063i00000JpXDGAA3,2023-01-02,2024-01-04,12,(2024-01-03)  HAUPT CONSTRUCTION CO,2023-01-04
0063i00000JpXHeAAN,2023-01-18,,0,(2024-01-18)  Nolan Minck Inc,2023-01-19
0063i00000JpXLuAAN,2023-01-03,2024-01-10,12,(2024-01-09)  GLENN E MITCHELL & CO INC,2023-01-10
0063i00000JpXLvAAN,2023-01-06,2024-01-10,12,(2024-01-09)  HAPP BUILDERS INC.,2023-01-10
0063i00000JpXLyAAN,2023-02-03,,0,"(2026-02-11)  GALUSHA & SONS, LLC",2023-02-12
0063i00000JpXQ7AAN,2023-02-07,2024-02-08,24,(2024-02-07)  DURANTE RENTALS,2022-02-08
0063i00000JpXQvAAN,2023-01-13,,0,(2025-03-31)  ECAMSECURE - CPS,2022-04-01
0063i00000JpXUyAAN,2023-01-05,2024-01-14,12,(2024-01-13)  INFINITI WINDOW COVERINGS LLC,2023-01-14
0063i00000JpXV1AAN,2023-01-03,2024-01-14,12,(2024-01-13)  John Cochran,2023-01-14
0063i00000JpXVCAA3,2023-01-20,,0,(2024-01-20)  Simon Crane Service Inc,2023-01-21
0063i00000JpWjKAAV,2023-01-07,,0,"(2024-06-30)  LANCASTER BURNS CONSTRUCTION, INC",2022-07-01
0063i00000JpX56AAF,2023-01-03,2024-01-10,12,(2024-01-09)  HURLEY ENGINEERING COMPANY,2023-01-10
0063i00000JpXHpAAN,2023-01-06,2024-01-09,12,"(2024-01-08)  BAUSUM & DUCKETT ELECTRIC, LLC",2023-01-09
0063i00000JpXMDAA3,2022-12-15,,0,(2023-02-01)  GRIFFIN BROTHERS,2022-02-02
0063i00000JpVhRAAV,2023-01-10,,0,(2025-01-31)  John Frant Paperhanging,2023-02-01
0063i00000JpW6fAAF,2023-01-03,,0,(2023-05-31)  Commercial Drywall & More,2021-06-01
0063i00000JpWjWAAV,2024-04-30,,0,(2023-02-28)  DUCT & VENT CLEANING OF AMERICA,2021-03-01
0063i00000JpX5QAAV,2023-01-11,2024-01-11,12,(2024-01-10)  ENGINEERED AIR - Indianapolis,2023-01-11
0063i00000JpXIDAA3,2023-01-04,,0,(2024-01-20)  RJM CONSTRUCTION LLC,2023-01-21
0063i00000JpXMXAA3,2023-01-07,,0,(2025-04-30)  METAL ROOFING ALLIANCE,2022-05-01
0063i00000JpXRDAA3,2023-01-03,2024-01-15,12,(2024-01-14)  R B BIEDERMAN CO,2023-01-15
0063i00000JpXVWAA3,2023-01-15,,0,(2024-01-15)  Roofers Local 37,2023-01-16
0063i00000JpWjoAAF,2023-01-01,,0,"(2024-01-31)  Ingle-Barr, Inc.",2023-02-01
0063i00000JpWodAAF,2023-01-06,2024-01-08,12,(2024-01-07)  REESE WHOLESALE,2023-01-08
0063i00000JpWsrAAF,2023-01-11,2024-01-18,12,(2024-01-17)  Trico Surveying and Mapping Inc.,2023-01-18
0063i00000JpXEBAA3,2022-12-29,,0,(2023-02-18)  NATIONAL COST INC,2022-02-19
0063i00000JpXITAA3,2023-01-06,2024-01-07,12,(2024-01-06)  NOOGLE EXCAVATING AND FARM DRAINING,2023-01-07
0063i00000JpXMdAAN,2022-12-22,,0,(2023-02-26)  CONSTRUCTION ANCHORS INC,2022-02-27
0063i00000JpXRTAA3,2025-04-30,,0,(2025-04-30)  L G BARCUS & SONS INC,2022-05-01
0063i00000JpXRXAA3,2022-12-13,,0,"(2023-02-25)  Cone & Graham, Inc. (C&G) (FL)",2022-02-26
0063i00000JpXRbAAN,2022-12-18,,0,(2023-02-14)  ANDY'S CABINETS & MILLWOR,2022-02-15
0063i00000JpXRhAAN,2022-12-18,,0,(2023-02-16)  ACE DRYWALL,2022-02-17
0063i00000JpXVkAAN,2023-01-21,,0,(2024-01-21)  Caliber Communications,2023-01-22
0063i00000JpXVlAAN,2023-01-13,,0,"(2024-03-31)  Riverbend Industries, Inc ( formerly CONTINENTAL MATERIALS CORPORA",2021-04-01
0063i00000JpXVoAAN,2023-01-04,2024-01-16,12,(2024-01-15)  CT&C Fabrication,2023-01-16
0063i00000JpXVtAAN,2023-01-06,2024-01-19,12,(2024-01-18)  Sonntag Excavating Inc.,2023-01-19
0063i00000JpWomAAF,2023-01-03,2024-01-14,12,(2024-01-13)  SOLAR ENERGY SOLUTIONS,2023-01-14
0063i00000JpWonAAF,2023-01-05,2024-01-05,12,(2024-01-04)  GAPPA SECURITY SOLUTIONS,2023-01-05
0063i00000JpWovAAF,2023-01-03,2024-01-09,12,(2024-01-08)  SWING RITE INSTALLATIONS,2023-01-09
0063i00000JpXIjAAN,2023-01-04,2024-01-11,12,(2024-01-10)  MOON FLOOR COVERING,2023-01-11
0063i00000JpXMvAAN,2023-01-05,2024-01-15,12,(2024-01-14)  MR RICHARD LE FROIS,2023-01-15
0063i00000JpXW3AAN,2023-01-05,2024-01-06,12,(2024-01-05)  Kennedy Excavating Inc.,2023-01-06
0063i00000JpXW4AAN,2023-01-20,,0,"(2024-01-20)  Taf Solar, LLC",2023-01-21
0063i00000JpXWAAA3,2023-01-03,2024-01-12,12,"(2024-01-11)  Matcon Diamond, Inc.",2023-01-12
0063i00000JpVeDAAV,2023-01-17,,0,"(2025-01-31)  Locke Crane Services, LLC",2023-02-01
0063i00000JpViBAAV,2023-01-11,,0,"(2025-01-31)  Delta Water Management Group, Inc.",2023-02-01
0063i00000JpWg3AAF,2022-12-07,,0,(2023-02-28)  LUMBER DEALERS SUPPLY,2022-03-01
0063i00000JpWp8AAF,2023-01-06,2024-01-07,12,(2024-01-06)  SAULS SEISMIC INC,2023-01-07
0063i00000JpWtcAAF,2023-01-03,2024-01-07,12,(2024-01-06)  Team Construction,2023-01-07
0063i00000JpWxoAAF,2022-12-16,,0,(2023-02-28)  J & M Heating And Air Conditioning,2022-03-01
0063i00000JpXEdAAN,2022-12-01,,0,"(2023-02-15)  In & Out Automatic Doors, Inc.",2022-02-16
0063i00000JpXS3AAN,2022-12-21,,0,(2023-02-25)  MIDGLEY-HUBER INC,2022-02-26
0063i00000JpXSDAA3,2022-12-16,,0,(2023-02-04)  G E TIGNALL & CO INC,2022-02-05
0063i00000JpXWQAA3,2022-12-16,,0,(2023-02-28)  East Bay Power LLC,2022-03-01
0063i00000JpVmwAAF,2023-01-06,,0,(2025-01-31)  Arrow Steel Inc.,2023-02-01
0063i00000JpVn0AAF,2023-01-04,,0,"(2023-01-31)  BR Acoustical, Inc.",2021-02-01
0063i00000JpWgJAAV,2023-01-03,2024-01-15,12,(2024-01-14)  MURTECH,2023-01-15
0063i00000JpWgQAAV,2022-12-18,,0,(2023-02-11)  HEAT & FROST INSULATORS LOCAL 12,2022-02-12
0063i00000JpWgSAAV,2023-01-06,2024-01-08,12,(2024-01-07)  LUNDAHL IRONWORKS CO,2023-01-08
0063i00000JpWkgAAF,2023-01-10,2023-04-01,12,"(2023-03-31)  Dura-Stress, Inc.",2022-04-01
0063i00000JpWteAAF,2023-01-03,,0,(2024-01-21)  Ahrens Mechanical,2023-01-22
0063i00000JpX2CAAV,2023-05-01,,0,(2024-05-31)  HYUNDAI L&C USA,2022-06-01
0063i00000JpXEtAAN,2022-11-30,,0,(2023-02-11)  Galli Engineering P.C,2022-02-12
0063i00000JpXF3AAN,2023-01-03,,0,(2024-01-14)  Midwest Mainline,2023-01-15
0063i00000JpXF4AAN,2023-01-14,,0,(2024-01-14)  Patriot Pottys,2023-01-15
0063i00000JpXJ8AAN,2023-01-05,2024-01-06,12,(2024-01-05)  DOUBLE V ENTERPRISES,2023-01-06
0063i00000JpXJDAA3,2023-02-03,,0,(2023-02-13)  BACON & VAN BUSKIRK INC,2022-02-14
0063i00000JpXNNAA3,2022-12-15,,0,(2023-02-01)  Demien Construction,2022-02-02
0063i00000JpXNXAA3,2022-12-29,,0,(2023-02-05)  SOLIDCAD,2022-02-06
0063i00000JpXNZAA3,2022-12-05,,0,(2023-02-04)  DRAEGER,2022-02-05
0063i00000JpVitAAF,2023-01-11,,0,(2025-01-31)  Hillard Electric,2023-02-01
0063i00000JpWkiAAF,2023-01-16,,0,(2024-01-16)  Cromwell Solar,2023-01-17
0063i00000JpWtvAAF,2023-01-03,2024-01-15,12,(2024-01-14)  Terramark General Contractors,2023-01-15
0063i00000JpWtzAAF,2023-01-11,,0,(2024-01-11)  U.S. Investment Capital,2023-01-12
0063i00000JpWu8AAF,2023-01-01,2024-01-13,12,(2024-01-12)  Connor Concrete Cutting & Coring,2023-01-13
0063i00000JpWy9AAF,2022-12-15,,0,(2023-02-01)  FRANKS SUPPLY CO INC,2022-02-02
0063i00000JpX2NAAV,2023-01-04,,0,(2024-01-21)  A. Michaels Construction,2023-01-22
